<?xml version="1.0"?>
<!DOCTYPE Webshop SYSTEM "C:\Users\Administrator\Desktop\Webshop.dtd">
<Webshop>
<WebData>
<CustId>1</CustId>
<CustFirstname>Amartya</CustFirstname>
<CustLastname>Bose</CustLastname>
<Email>
<Email>abc@gmail.com</Email>
<Email>xyz@gmail.com</Email>
</Email>
<Address>
<City>Mumbai</City>
<State>Maharastra</State>
<Country>India</Country>
<Zip>556470</Zip>
</Address>
<Phoneno>
<Phoneno>9876543210</Phoneno>
<Phoneno>7789834657</Phoneno>
</Phoneno>
<Credit>1234832564873547</Credit>
<Card>NATIONAL</Card>
</WebData>
<WebData>
<CustId>2</CustId>
<CustFirstname>Avinash</CustFirstname>
<CustLastname>Kumar</CustLastname>
<Email>
<Email>pqr@gmail.com</Email>
<Email>mno@gmail.com</Email>
</Email>
<Address>
<City>Mumbai</City>
<State>Maharastra</State>
<Country>India</Country>
<Zip>556470</Zip>
</Address>
<Phoneno>
<Phoneno>9835174078</Phoneno>
<Phoneno>7785646675</Phoneno>
</Phoneno>
<Credit>1237483267235656</Credit>
<Card>INTERNATIONAL</Card>
</WebData>
</Webshop>