<?xml version="1.0"?>
<xsl:stylesheet version="1.0"  xmlns:xsl="http://www.w3.org/1999/XSL/Transform">
<xsl:template match="/">
<html>
<body>
<font face="calibri">
<h1 align="center"><b>SAMSUNG MOBILES</b></h1>
<xsl:for-each select="demo/mobile">
<h1><xsl:value-of select="a"/></h1>
<h1><xsl:value-of select="b"/></h1>
<h1><xsl:value-of select="c"/></h1>
<h1><xsl:value-of select="d"/></h1>
<h1><xsl:value-of select="e"/></h1>
<h1><xsl:value-of select="f"/></h1>
<h1><xsl:value-of select="g"/></h1>
</xsl:for-each>
</font>
</body>
</html>
</xsl:template>
</xsl:stylesheet>
